ลำดับ,รูปแบบสื่อ,หมวดหมู่,ชิ้นงาน,thumnail,ลิงก์
79,สำรวจความเห็น,การจัดการไฟป่า,บทเรียนจากชุมชน : แก้ปัญหาไฟป่า ต้องมาจากการมีส่วนร่วม,https://img.youtube.com/vi/_Xz51ycB0BY/maxresdefault.jpg,https://www.youtube.com/watch?v=_Xz51ycB0BY&list=PLyG9tFYqHiubnUcHs5ODz5a8vkRJBH3Ot&index=6
5,สารคดี,การจัดการไฟป่า,พิกัด 1 ฝ่าไฟแปลงใหญ่รอยต่อลี้ ลำพูน “ก้อ” เดินหน้าจัดการฝุ่น,https://img.youtube.com/vi/446bfG52SRU/maxresdefault.jpg,https://www.youtube.com/watch?v=446bfG52SRU&list=PLGLNO06fxG2NuVClEnZlUOF2dozilXy0i&index=9
76,สำรวจความเห็น,การจัดการไฟป่า,แก้ปัญหาหมอกควันไฟป่า ด้วยการประเมิน “มูลค่า” เพื่อ “ตอบแทน” ชุมชน,https://img.youtube.com/vi/7-k0sIN5-5w/maxresdefault.jpg,https://www.youtube.com/watch?v=7-k0sIN5-5w&list=PLyG9tFYqHiubnUcHs5ODz5a8vkRJBH3Ot&index=3
77,สำรวจความเห็น,การติดตามและเทคโนโลยี,เพิ่มศักยภาพการเฝ้าระวังไฟป่า ด้วยอากาศยานไร้คนขับและเทคโนโลยีปัญญาประดิษฐ์,https://img.youtube.com/vi/8pQnPPWr8gY/maxresdefault.jpg,https://www.youtube.com/watch?v=8pQnPPWr8gY&list=PLyG9tFYqHiubnUcHs5ODz5a8vkRJBH3Ot&index=4
62,รายการทีวี,กฎหมายและสิทธิอากาศสะอาด,คุณเล่า เราขยาย : ค่ามาตรฐานฝุ่น ดัชนีอากาศสะอาด,https://img.youtube.com/vi/9jRJZYte8po/sddefault.jpg,https://www.youtube.com/watch?v=9jRJZYte8po
61,รายการทีวี,การจัดการไฟป่า,ฟังเสียงประเทศไทยตอน เราจะชนะศึกดับไฟป่า อย่างไร ?,https://img.youtube.com/vi/a-13r92BbBo/maxresdefault.jpg,https://www.youtube.com/watch?v=a-13r92BbBo
6,สารคดี,การจัดการไฟป่า,พิกัด 2 ดอยสุเทพ ไฟใกล้เมือง,https://img.youtube.com/vi/bsNFoLYt8E0/maxresdefault.jpg,https://www.youtube.com/watch?v=bsNFoLYt8E0
78,สำรวจความเห็น,การติดตามและเทคโนโลยี,Big Data ฝุ่น PM2.5 : จัดการ “ข้อมูล” เพื่อแก้ปัญหาหมอกควันไฟป่า,https://img.youtube.com/vi/Cu8c3SPuyz4/maxresdefault.jpg,https://www.youtube.com/watch?v=Cu8c3SPuyz4&list=PLyG9tFYqHiubnUcHs5ODz5a8vkRJBH3Ot&index=5
82,สำรวจความเห็น,การจัดการไฟป่า, ฤดูฝุ่นจบแต่ปัญหายังอยู่: มช. กับงานวิจัยเพื่อแก้ปัญหาหมอกควันไฟป่า,https://img.youtube.com/vi/fvuH6QgGEms/maxresdefault.jpg,https://www.youtube.com/watch?v=fvuH6QgGEms&list=PLyG9tFYqHiubnUcHs5ODz5a8vkRJBH3Ot&index=10
80,สำรวจความเห็น,กฎหมายและสิทธิอากาศสะอาด,Payment for Ecosystems Services (PES) : ช่วย “จ่าย” เพื่อ “ลด” ไฟป่า   ,https://img.youtube.com/vi/gDqo4Ir-SZw/maxresdefault.jpg,https://www.youtube.com/watch?v=gDqo4Ir-SZw&list=PLyG9tFYqHiubnUcHs5ODz5a8vkRJBH3Ot&index=7
74,สำรวจความเห็น,การมีส่วนร่วมและเสียงประชาชน,ก่อนจะเป็น “แผนปฏิบัติการเพื่อลดและขจัดมลพิษในเขตควบคุมมลพิษ จังหวัดเชียงใหม่” ,https://img.youtube.com/vi/HswpQSQseC8/maxresdefault.jpg,https://www.youtube.com/watch?v=HswpQSQseC8&list=PLyG9tFYqHiubnUcHs5ODz5a8vkRJBH3Ot&index=1
75,สำรวจความเห็น,การมีส่วนร่วมและเสียงประชาชน,เมื่อเชียงใหม่กำลังจะมี “แผนปฏิบัติการเพื่อลดและขจัดมลพิษในเขตควบคุมมลพิษ”,https://img.youtube.com/vi/JBOYfMPq8vc/maxresdefault.jpg,https://www.youtube.com/watch?v=JBOYfMPq8vc&list=PLyG9tFYqHiubnUcHs5ODz5a8vkRJBH3Ot&index=2
7,สารคดี,การจัดการไฟป่า,พิกัด 3 ทำไมต้องไหม้ซ้ำซากอมก๋อย,https://img.youtube.com/vi/jhDNSSrd2Us/maxresdefault.jpg,https://www.youtube.com/watch?v=jhDNSSrd2Us
63,รายการทีวี,การมีส่วนร่วมและเสียงประชาชน,คุณเล่า เราขยาย : เปิดโมเดลนำร่อง ลดฝุ่นควัน,https://img.youtube.com/vi/KGTQuj_6_-g/maxresdefault.jpg,https://www.youtube.com/watch?v=KGTQuj_6_-g
60,รายการทีวี,การจัดการไฟป่า,ฟังเสียงประเทศไทย คนเหนือกับฝุ่นไฟ 2566,https://img.youtube.com/vi/kz7mnLQWuNA/maxresdefault.jpg,https://www.youtube.com/watch?v=kz7mnLQWuNA
81,สำรวจความเห็น,การติดตามและเทคโนโลยี,จากงานวิจัยเพื่อลดไฟป่าดอยสุเทพ-ปุย สู่แนวทางแก้ปัญหาหมอกควันไฟป่าอย่างยั่งยืน,https://img.youtube.com/vi/rQ4o_DYqqck/maxresdefault.jpg,https://www.youtube.com/watch?v=rQ4o_DYqqck&list=PLyG9tFYqHiubnUcHs5ODz5a8vkRJBH3Ot&index=8
50,บทความ,การจัดการไฟป่า,ไฟป่าเกิดขึ้นที่ไหน แล้วการกระจายงบเป็นยังไงบ้าง,https://localsthaipbs.net/%e0%b9%84%e0%b8%9f%e0%b8%9b%e0%b9%88%e0%b8%b2%e0%b9%80%e0%b8%81%e0%b8%b4%e0%b8%94%e0%b8%82%e0%b8%b6%e0%b9%89%e0%b8%99%e0%b8%97%e0%b8%b5%e0%b9%88%e0%b9%84%e0%b8%ab%e0%b8%99-%e0%b9%81%e0%b8%a5%e0%b9%89/,https://localsthaipbs.net/wp-content/uploads/2024/04/ig-1-2048x2048.png.webp
54,บทความ,การมีส่วนร่วมและเสียงประชาชน,The North องศาเหนือ X Locals ThaiPBS พร้อมปักธงสื่อสู้ฝุ่น เคียงข้างคนเหนือตลอดฤดูฝุ่น,https://localsthaipbs.net/wp-content/uploads/2024/03/%E0%B8%9A%E0%B8%99-%E0%B8%9B%E0%B8%81-%E0%B9%82%E0%B8%9B%E0%B8%A3%E0%B9%82%E0%B8%A1%E0%B8%97-%E0%B8%9D%E0%B8%B8%E0%B9%88%E0%B8%99%E0%B9%84%E0%B8%9F-%E0%B8%A5%E0%B8%A1%E0%B8%AB%E0%B8%B2%E0%B8%A2%E0%B9%83%E0%B8%88%E0%B8%84%E0%B8%99%E0%B9%80%E0%B8%AB%E0%B8%99%E0%B8%B7%E0%B8%AD2-7.png.webp,https://localsthaipbs.net/the-north-%e0%b8%ad%e0%b8%87%e0%b8%a8%e0%b8%b2%e0%b9%80%e0%b8%ab%e0%b8%99%e0%b8%b7%e0%b8%ad-x-locals-thaipbs-%e0%b8%9e%e0%b8%a3%e0%b9%89%e0%b8%ad%e0%b8%a1%e0%b8%9b%e0%b8%b1%e0%b8%81%e0%b8%98%e0%b8%87/
52,บทความ,การมีส่วนร่วมและเสียงประชาชน,เผยเหตุผล ทำไมคนเหนือต้องได้ตรวจปอด,https://localsthaipbs.net/wp-content/uploads/2024/04/%E0%B8%A3%E0%B8%B9%E0%B8%9B%E0%B8%9B%E0%B8%81%E0%B8%AD%E0%B8%B1%E0%B8%A5%E0%B8%9A%E0%B8%B1%E0%B9%89%E0%B8%A1-3-2.jpg.webp,https://localsthaipbs.net/%e0%b8%84%e0%b8%99%e0%b9%80%e0%b8%ab%e0%b8%99%e0%b8%ad%e0%b8%95%e0%b8%ad%e0%b8%87%e0%b9%84%e0%b8%94%e0%b8%95%e0%b8%a3%e0%b8%a7%e0%b8%88%e0%b8%9b%e0%b8%ad%e0%b8%94/
51,บทความ,ฝุ่นข้ามแดน,ควันข้ามโขง – ชะตากรรมร่วมไร้พรมแดน,https://localsthaipbs.net/wp-content/uploads/2024/04/S__8708185.jpg.webp,https://localsthaipbs.net/smoke-thai-lao2024/
53,บทความ,กฎหมายและสิทธิอากาศสะอาด,โครงสร้างบ้านเพื่ออากาศสะอาด : กุญแจแก้ปัญหามลพิษทางอากาศของไทย,https://localsthaipbs.net/wp-content/uploads/2024/08/1722855135403.jpg.webp,https://localsthaipbs.net/cleanairlaw/
24,วีดีโอสั้น,การจัดการไฟป่า,“ไฟแปลงใหญ่”!! นี่คือการยกระดับการแก้ปัญหาฝุ่นควัน PM2.5,https://scontent-dfw5-1.xx.fbcdn.net/v/t15.5256-10/365871824_313164227856553_3680286045256198786_n.jpg?_nc_cat=110&ccb=1-7&_nc_sid=596eb7&_nc_ohc=Rkgko5Lu0uIQ7kNvwG1TKx0&_nc_oc=AdnRSjsICgMz5W2PINF1x-XR6eVWQYgBsQeMWgSOG9FYB0S7KC82sd77E6vOr70AR2w&_nc_zt=23&_nc_ht=scontent-dfw5-1.xx&_nc_gid=ixnrNGQ8KmzAheUiUjPZMg&oh=00_Afui9ZB66nXsAJ9nAmKOFIdKSiOKNyPrIulId4m2Vzngng&oe=6998AFA8,https://www.facebook.com/thaithenorth/videos/842234553935405
15,วีดีโอสั้น,การจัดการไฟป่า,ฝุ่นในภาคเหนือ 80% มาจากไฟป่า รู้แบบนี้ แก้อย่างไร?,https://scontent-dfw5-1.xx.fbcdn.net/v/t15.5256-10/426365974_1773038239864963_3309625431571241974_n.jpg?_nc_cat=105&ccb=1-7&_nc_sid=596eb7&_nc_ohc=cYqizP3xPCoQ7kNvwGvbJNO&_nc_oc=AdngQTgloOqM7ZrkRe6V3DUWYDmxZzP6I-BlNRnT1V24rYzebJGHUIQPAaYqHP0S914&_nc_zt=23&_nc_ht=scontent-dfw5-1.xx&_nc_gid=NrzXj1zJOVCdV3TJviu7gg&oh=00_AftT-9kgFbJQCb8adW5htlfZcaMstFcOZSm73kb0CC_R3Q&oe=699872A6,https://www.facebook.com/thaithenorth/videos/1216454276368699
3,สารคดี,การจัดการไฟป่า,Ep.2 เคลื่อนที่เร็ว ดับเมื่อยังไฟเล็ก (การทำงานเมื่อเกิดไฟในพื้นที่ ),https://scontent-dfw5-1.xx.fbcdn.net/v/t15.5256-10/426704075_393663253354411_5926860828487017481_n.jpg?_nc_cat=110&ccb=1-7&_nc_sid=596eb7&_nc_ohc=iuMq1xd_tdwQ7kNvwH-Sf4x&_nc_oc=AdnfjtRRLR7A8msTbOJzgmMeTvWZZvSO5DCX9Z_h-uEV8lOk5kjjfvAhVQVF2eYqk1k&_nc_zt=23&_nc_ht=scontent-dfw5-1.xx&_nc_gid=6qpjSigrlsuAPnwdn1ii4g&oh=00_AftoqePrNtT-fa1IRYI_qzgRfocor8RlNUmotbfdzpzGZA&oe=69985ED7,https://www.facebook.com/thaithenorth/videos/924413075797953
8,สารคดี,ฝุ่นข้ามแดน,ตรวจสอบสู้กลับ บันทึกการสู้ฝุ่นฉบับประชาชน - ฝุ่นข้ามแดน,https://scontent-dfw5-1.xx.fbcdn.net/v/t15.5256-10/428341805_1466071134116356_5871456767378847311_n.jpg?_nc_cat=105&ccb=1-7&_nc_sid=596eb7&_nc_ohc=JDJ6zNbCH6IQ7kNvwGSYqJI&_nc_oc=AdklrhAAJHL_AdVnopfHululcRToFf_Nxhm8kj0CzMWSWuIBwHRnbwT4CK7Cgw0AXio&_nc_zt=23&_nc_ht=scontent-dfw5-1.xx&_nc_gid=ZcnECMi8ZjFPIv1NSk6l4Q&oh=00_AftBCRWhm5JZQG12xmUjtI3oi8h4mW9675AW99t38n3IeQ&oe=699878E7,https://www.facebook.com/thaithenorth/videos/410123425357649
17,วีดีโอสั้น,ฝุ่นข้ามแดน,ฝุ่นข้ามพรมแดน ตอน ฤดูฝุ่น คือ?,https://scontent-dfw5-1.xx.fbcdn.net/v/t15.5256-10/429403494_1113098899998348_3315655222174105021_n.jpg?_nc_cat=110&ccb=1-7&_nc_sid=596eb7&_nc_ohc=6HuG8xlshsIQ7kNvwE89nSt&_nc_oc=AdlPU90DpbWpE_AO-EK7qnwc2XWK0G3l7cYosE6UCOgRkl_UWs5bmHxpbMSLJi_bWHA&_nc_zt=23&_nc_ht=scontent-dfw5-1.xx&_nc_gid=HE0gjkMorRLVYbjMxWvx1A&oh=00_Afur_Dr-mebmPnvQlSH1HxXVaUE4qJT3rsDefiG6RzkLJg&oe=699868F9,https://www.facebook.com/thaithenorth/videos/877925800758106
19,วีดีโอสั้น,การจัดการไฟป่า,ฝุ่นข้ามพรมแดน ตอน ตรวจสอบ โดยเครื่องมือดู ฝุ่น ไฟ ลม,https://scontent-dfw5-2.xx.fbcdn.net/v/t15.5256-10/433713937_431781869223098_6809999008822325919_n.jpg?_nc_cat=106&ccb=1-7&_nc_sid=596eb7&_nc_ohc=S9CGpHFfeH0Q7kNvwEawuNO&_nc_oc=AdkX9mZfVMG9N2YBeY7YPfUGMkz-eT1q-uXZeLhlkP4hwww-P3jp3TZ156OwdZY1pN8&_nc_zt=23&_nc_ht=scontent-dfw5-2.xx&_nc_gid=BUpfH0VbimmBKZ2YvTqWeg&oh=00_Afvd9o7P43SQVcFLuUFyqW-G2_AeYmMKiZGL8t4-BZHkbQ&oe=6998BCEC,https://www.facebook.com/thaithenorth/videos/771332324635178
2,สารคดี,การจัดการไฟป่า,EP.1 เริ่มฤดูไฟป่าหรือฝุ่นควัน (จะชิงเผาหรือห้ามเผา จะจัดการเช่นไรในบริบทที่ต่าง),https://scontent-dfw6-1.xx.fbcdn.net/v/t15.5256-10/426098588_770312434963232_1270847766026887160_n.jpg?_nc_cat=103&ccb=1-7&_nc_sid=596eb7&_nc_ohc=6gN_tJbJ7oUQ7kNvwHrlC0S&_nc_oc=AdlYg0LzcsGrp8HvcwK1wXG8R6YEOI3lGC9ozv4BfHd2BdnhL4vmKr21irAvCU0ymZ4&_nc_zt=23&_nc_ht=scontent-dfw6-1.xx&_nc_gid=zNVDTCV-p8w9OAM7TTkZ4Q&oh=00_AfvPy4WUy2PeRIRsmuTJx3omvgkOP9dBHsp5qe4IdQdTKQ&oe=69985FFD,https://www.facebook.com/thaithenorth/videos/770304661630676
10,วีดีโอสั้น,การจัดการไฟป่า,จัดการไฟในป่าได้ ฝุ่นก็ลด?,https://scontent-dfw6-1.xx.fbcdn.net/v/t15.5256-10/426309183_313223105084193_5403306710533987383_n.jpg?_nc_cat=103&ccb=1-7&_nc_sid=596eb7&_nc_ohc=qp9lak94_tUQ7kNvwG-GZ6d&_nc_oc=Adl5ri-13RoU0WLf2El0iEW2XzyMvj4movAYxbR2GdcOZzPILlXyAEabEPXmXs1o-Dc&_nc_zt=23&_nc_ht=scontent-dfw6-1.xx&_nc_gid=MjrLIs5gTUpTxuqR2wg9zA&oh=00_AfvZzJfY5FsdRTrPRAdIFLN0DohOjNHd5lE5DCfibVdPXQ&oe=69986B5AA,https://www.facebook.com/thaithenorth/videos/359779753555954
20,วีดีโอสั้น,ฝุ่นข้ามแดน,ฝุ่นข้ามพรมแดน ตอน โต้กลับ,https://scontent-dfw6-1.xx.fbcdn.net/v/t15.5256-10/432305520_762887475909690_458558997670298187_n.jpg?_nc_cat=103&ccb=1-7&_nc_sid=596eb7&_nc_ohc=1dQpzJse3qwQ7kNvwFzGx9Z&_nc_oc=AdmvAcLajfWC4mmo2FO92dWZfBWP5tudta1yin2w80DxaV456K7kU8z3XZQbVJCWZxE&_nc_zt=23&_nc_ht=scontent-dfw6-1.xx&_nc_gid=ibdIT80-8hySluwnRX3A1Q&oh=00_AfsWwwedUjDc1Kzu4-4BznQZDM9-SXBXiippHpJ1vKZEug&oe=6998BA500,https://www.facebook.com/thaithenorth/videos/762884165910021
18,วีดีโอสั้น,ฝุ่นข้ามแดน,ฝุ่นข้ามพรมแดน ตอน ตามหาต้นตอฝุ่น...,https://scontent-dfw6-1.xx.fbcdn.net/v/t15.5256-10/432379846_1909975302791035_5741618573260170170_n.jpg?_nc_cat=103&ccb=1-7&_nc_sid=596eb7&_nc_ohc=ouE8H24LKJsQ7kNvwFcpGk-&_nc_oc=Adnx-nFD3zHKEBU5xWZHc8e2qkMzWJrIZzUQGJmUIl3BT8ZgywfqS4LMl7Wk-hPUz9k&_nc_zt=23&_nc_ht=scontent-dfw6-1.xx&_nc_gid=JFU6cdezZEFuvYLJlmN8EQ&oh=00_AfsXbUb1IkqA-zSUESIhGfq8I96X3mfIz1h8KTXrCXeiuw&oe=69986330,https://www.facebook.com/thaithenorth/videos/938323778001994
23,วีดีโอสั้น,กฎหมายและสิทธิอากาศสะอาด,เพราะอะไรคนเหนือถึงยื่นฟ้องนายก,https://scontent-fra3-1.xx.fbcdn.net/v/t15.5256-10/340610470_186222277509675_4450980821853680531_n.jpg?_nc_cat=105&ccb=1-7&_nc_sid=596eb7&_nc_ohc=Lw6l43vfDJgQ7kNvwHONZMx&_nc_oc=Adno-oAYI5aUmjsRo32iuw4ALxLqqE5vPRlMVBKe4-4WJpCfxEmMVOIRMe1xH_8OlwQ&_nc_zt=23&_nc_ht=scontent-fra3-1.xx&_nc_gid=mVyHzz2JxCCFs2Qo4MEO8Q&oh=00_AfuTyJaDbaAD344ONH--AUeE3XxSI_4c0iUVLk0ofynf1w&oe=6998C45A,https://www.facebook.com/thaithenorth/videos/591617989580243
9,วีดีโอสั้น,การจัดการไฟป่า,"เริ่มแล้ว จัดการ ""ไฟแปลงใหญ่"" อมก๋อย",https://scontent-fra3-1.xx.fbcdn.net/v/t15.5256-10/428784696_1556432101799247_7963844830874955470_n.jpg?_nc_cat=105&ccb=1-7&_nc_sid=596eb7&_nc_ohc=r6hIVHP57vYQ7kNvwFKMfb7&_nc_oc=AdkY7J3IGTMVPFbyssXB2mPctHlBxAuDrkfQfSIAjf4ofBTb_ci4edi6XHSVXR0rEcI&_nc_zt=23&_nc_ht=scontent-fra3-1.xx&_nc_gid=-yPnARI9Y-1eFU7mIuW-8Q&oh=00_AfvivMmJniKE0LTQ3J5C37JB5fNi33qSDLFgVylFUEi1Zw&oe=699883AD,https://www.facebook.com/thaithenorth/videos/1556428578466266
21,วีดีโอสั้น,ฝุ่นข้ามแดน,ฝุ่นข้ามพรมแดน ตอน รับมือ,https://scontent-fra3-1.xx.fbcdn.net/v/t15.5256-10/429900689_269244376238305_6381372393621928670_n.jpg?_nc_cat=101&ccb=1-7&_nc_sid=596eb7&_nc_ohc=njuO-GUpJroQ7kNvwHT_J0X&_nc_oc=Adni0Zmra9O16vueKMNNRojN1Hb5ZL-Am4TXOzaZJuXTH-iP0WmzAGLopmgce4Lqbkg&_nc_zt=23&_nc_ht=scontent-fra3-1.xx&_nc_gid=g0RDZ8MtX4DAfG5yW9qIIQ&oh=00_AfvWInDHlgMv6IZQds-6CU7HkU3W_fQkaCvqJ9KSSl1uDw&oe=6998C3F9,https://www.facebook.com/thaithenorth/videos/1626638174772917
4,สารคดี,การจัดการไฟป่า,Ep.3 ก่อนจบฤดู เพิ่มในสิ่งที่ขาด,https://scontent-fra3-1.xx.fbcdn.net/v/t15.5256-10/441507197_411199028381456_3145413817336621189_n.jpg?_nc_cat=103&ccb=1-7&_nc_sid=596eb7&_nc_ohc=Q1JLaJa1b3oQ7kNvwFWWj7k&_nc_oc=Adk1MBWJFaKna4EYiG6ZXGDIW-gOI9xxmE7NPioZhFaCIlz2lFEfxBLfy-m-93LNchA&_nc_zt=23&_nc_ht=scontent-fra3-1.xx&_nc_gid=T__enMsUFVhWkgaHDx8a1w&oh=00_Afv6fxEEZ9HFXGpjsIwE-XAeNNmVZ8X7dFXMVaLJkLgCJA&oe=699858AE,https://www.facebook.com/thaithenorth/videos/1541776646384728
12,วีดีโอสั้น,การจัดการไฟป่า,ป่าแปลงใหญ่เท่ากับไฟแปลงใหญ่,https://scontent-fra3-2.xx.fbcdn.net/v/t15.5256-10/428777437_926259949284855_917245396977420532_n.jpg?_nc_cat=104&ccb=1-7&_nc_sid=596eb7&_nc_ohc=qwdftONCh1QQ7kNvwGSA2OA&_nc_oc=AdmL4er-ZJqu0OPb3Cl88XrOOzJGuGOo6yjUyvPJ-TjfsoWPnqEouJMJFtOyJlXqPQw&_nc_zt=23&_nc_ht=scontent-fra3-2.xx&_nc_gid=ViljE3bWUUSuaZlBoWvkvw&oh=00_Afs1G4b2AHFrH7_y5ygRjTE4BDE8UEiePzZSyPDSJ-hJQw&oe=69986402,https://www.facebook.com/thaithenorth/videos/926578268774864/
16,วีดีโอสั้น,การจัดการไฟป่า,แผนการรับมือฝุ่นควันปีนี้ 2567,https://scontent-fra3-2.xx.fbcdn.net/v/t15.5256-10/428777437_926259949284855_917245396977420532_n.jpg?_nc_cat=104&ccb=1-7&_nc_sid=596eb7&_nc_ohc=qwdftONCh1QQ7kNvwGSA2OA&_nc_oc=AdmL4er-ZJqu0OPb3Cl88XrOOzJGuGOo6yjUyvPJ-TjfsoWPnqEouJMJFtOyJlXqPQw&_nc_zt=23&_nc_ht=scontent-fra3-2.xx&_nc_gid=ViljE3bWUUSuaZlBoWvkvw&oh=00_Afs1G4b2AHFrH7_y5ygRjTE4BDE8UEiePzZSyPDSJ-hJQw&oe=699864022,https://www.facebook.com/thaithenorth/videos/926578268774864/
13,วีดีโอสั้น,การจัดการไฟป่า,จุดยุทธศาสตร์ ปลาตัวใหญ่ อุทยานแห่งชาติแม่ปิง,https://scontent-fra5-1.xx.fbcdn.net/v/t15.5256-10/429811503_1140126767338804_5853673950889376248_n.jpg?_nc_cat=110&ccb=1-7&_nc_sid=596eb7&_nc_ohc=9WRgDwm9XF8Q7kNvwEUICKC&_nc_oc=Adm0gnKaBg-yuLkH_oOOftPITtoJeWf4gx5VANiMGfbblnJh6bUH0nHlSVEK7o_NzAI&_nc_zt=23&_nc_ht=scontent-fra5-1.xx&_nc_gid=ZKAXrIbDEVhgpH_TUdfj5g&oh=00_AfsaLlS5wbQKa9DMiG2sK4wlNqpnU5p3rTj2pYt4CWm-YQ&oe=69986CD5,https://www.facebook.com/thaithenorth/videos/1050574722712154/
11,วีดีโอสั้น,การจัดการไฟป่า,No man'sland ป่าแปลงใหญ่ มีไฟแต่ไม่มีคน,https://scontent-fra5-1.xx.fbcdn.net/v/t15.5256-10/429894513_729112839334702_30336062386823882_n.jpg?_nc_cat=110&ccb=1-7&_nc_sid=596eb7&_nc_ohc=81mYqyFoPs4Q7kNvwG1ykg8&_nc_oc=AdmdjJpa_lBbCXAz8y3LRzi8yMHdfuqxSejak-wKNWjqBGAbSE19v1xgtTSj_3X1wbY&_nc_zt=23&_nc_ht=scontent-fra5-1.xx&_nc_gid=Debdgeje8T8p4CNPIR8y1g&oh=00_AfvBFIUKaCo2SBqzlyy4ABtmf-uUQO49Zvd-tb8RXtgsBg&oe=6998770D,https://www.facebook.com/thaithenorth/videos/8444309302251398
14,วีดีโอสั้น,ความรู้และปรากฏการณ์ธรรมชาติ,ลมและฝุ่น ปรากฏการณ์ธรรมชาติเข้าใจเพื่อรับมือ!,https://scontent-fra5-2.xx.fbcdn.net/v/t15.5256-10/426316848_374394928672079_6071182658940035805_n.jpg?_nc_cat=106&ccb=1-7&_nc_sid=596eb7&_nc_ohc=4uA3r8ss3voQ7kNvwGE8tR1&_nc_oc=AdkFuper18hfnIh1MtlcxnpFmFez8pGZkb2YPXEIExsmdD1dRFDXUjaWGDzk8gcKvXQ&_nc_zt=23&_nc_ht=scontent-fra5-2.xx&_nc_gid=mNG97l9H_7ixViIsYDrP5w&oh=00_AfuBLNItBBfeGU_qewv_rJ5DHbS4M19EObdAfId7qY-ILw&oe=69986E6B,https://www.facebook.com/thaithenorth/videos/1596442104503028
22,วีดีโอสั้น,การจัดการไฟป่า,เราจะชนะศึกดับไฟป่า อย่างไร ?,https://scontent-fra5-2.xx.fbcdn.net/v/t15.5256-10/441520457_991278209233461_8131857111151436326_n.jpg?_nc_cat=106&ccb=1-7&_nc_sid=f4080e&_nc_ohc=rUjLG0rc73UQ7kNvwFqvkbX&_nc_oc=AdmhYZ-59tSp5DPtwYRwhOI2vUCsW503ZLF2Ttq0aMLvqhPpSPuz4cJF_FyQtU2YJAE&_nc_zt=23&_nc_ht=scontent-fra5-2.xx&_nc_gid=L8enbzEsaIaVVMZ9ek4WIw&oh=00_AfvTWd9blfSF5z49Qy8RmvhHgI-xZojhkgdAQWgQtEmwyQ&oe=6998A5C5,https://www.facebook.com/thaithenorth/videos/2995030940633835
91,สำรวจความเห็น,การมีส่วนร่วมและเสียงประชาชน,"ฝุ่น คือวาระแห่งชาติ แต่รายังอยู่กับวังวนเรื่องนี้ ที่เดิมพันด้วยลมหายใจ
ขอ 1 คำ ""ไอเดียแก้ฝุ่น""",https://scontent.fcnx3-1.fna.fbcdn.net/v/t39.30808-6/474920206_932786212297174_2481607916611201690_n.jpg?_nc_cat=108&ccb=1-7&_nc_sid=127cfc&_nc_ohc=R_ijYQS23NkQ7kNvwG1NgOB&_nc_oc=Adm0g623TNT6ktFi--Pw5rJ_wu7dpx4dnqG-TLBsxxJT17I5DakKUKMN_NMYaab46-Y&_nc_zt=23&_nc_ht=scontent.fcnx3-1.fna&_nc_gid=L4Jy1Idjrybc5HNSigztOQ&oh=00_AftbpWxlrQ9WQTXT3vEzaOTfgUAsw5Je-tQZxX7wK8cdSA&oe=6998AAD6,https://www.facebook.com/photo.php?fbid=558387323070400&set=pb.100066974124830.-2207520000&type=3
89,สำรวจความเห็น,การติดตามและเทคโนโลยี,เข้าสู่ฤดูฝุ่นภาคเหนือ องศาเหนือรวม 6 ช่องทางเช็คค่าคุณภาพอากาศก่อนออกบ้าน,https://scontent.fcnx3-1.fna.fbcdn.net/v/t39.30808-6/475509900_939100054999123_2332358551273460774_n.jpg?_nc_cat=103&ccb=1-7&_nc_sid=127cfc&_nc_ohc=wggoYA029NoQ7kNvwFiJXOd&_nc_oc=Adk5OHObXr-76FrT8WndUkAmX3QTe-2t7dOCG1hyfy6dM7iZI_EynJSveqEtr8FaHmU&_nc_zt=23&_nc_ht=scontent.fcnx3-1.fna&_nc_gid=toutYojN0r4aU-noiW_-jA&oh=00_AfsvZSv6dQ2QUH6DPP3DZl-V_3Ix-K35e-STKUut_yLKzQ&oe=69989B1F,https://www.facebook.com/photo.php?fbid=716693510573113&set=pb.100066974124830.-2207520000&type=3
90,สำรวจความเห็น,การติดตามและเทคโนโลยี,อัพเดต ค่าฝุ่นรายชั่วโมง,https://scontent.fcnx3-1.fna.fbcdn.net/v/t39.30808-6/475679777_938711185038010_3949189668632253411_n.jpg?_nc_cat=105&ccb=1-7&_nc_sid=127cfc&_nc_ohc=avsmAFnPbOwQ7kNvwFaIY_L&_nc_oc=AdkunvDPkkXQHlDuJFhlloa90CNRYJpIzXLY8iO4LL3OX8j93Xz9vOmulgUAAwJi4sQ&_nc_zt=23&_nc_ht=scontent.fcnx3-1.fna&_nc_gid=XazwlzmJ-e0VlV_xa_0vNg&oh=00_AfutLACpFETcPpSVKL2pzwOd6xhJbK40cspn17Z8WxbIDQ&oe=69989C4E,https://www.facebook.com/photo.php?fbid=675321218043676&set=pb.100066974124830.-2207520000&type=3
87,สำรวจความเห็น,การติดตามและเทคโนโลยี,รวมพิกัดห้องปลอดฝุ่น,https://scontent.fcnx3-1.fna.fbcdn.net/v/t39.30808-6/475760586_939336648308797_1483977820660404957_n.jpg?_nc_cat=102&ccb=1-7&_nc_sid=127cfc&_nc_ohc=tB37khaFKs8Q7kNvwFeNbfI&_nc_oc=AdmmBM9ZOlq_XMxmkX6ft00pCU9w_UyR5WbAUVJl7olBn-at7xeyzB3gvyUVU4UqwUg&_nc_zt=23&_nc_ht=scontent.fcnx3-1.fna&_nc_gid=X_8BewH02RLaPwQJdri5JQ&oh=00_Afs_TenyMtvJkomFMP8kQ1elGUl6VtyRkswjA_9n--qDMA&oe=6998A8B4,https://www.facebook.com/photo.php?fbid=733170962258701&set=pb.100066974124830.-2207520000&type=3
86,สำรวจความเห็น,การจัดการไฟป่า,ฟังเสียง : ชวนตอบคำถาม คุณจะช่วยดับไฟอย่างไร ?,https://scontent.fcnx3-1.fna.fbcdn.net/v/t39.30808-6/475763437_939541248288337_5979024303800749388_n.jpg?_nc_cat=101&ccb=1-7&_nc_sid=127cfc&_nc_ohc=ZOe_9ZFo6zYQ7kNvwEhIB_1&_nc_oc=AdnGnuG4mbAviy9G5RdgCmbXRSTk_tV-BIeIaD7Gu6L9pYhU06096H4Nw9FQ9hppo60&_nc_zt=23&_nc_ht=scontent.fcnx3-1.fna&_nc_gid=RlS9RDoESkqdBJ24fol1RQ&oh=00_AfuUB292AGG_cqdssXWOl0r7JbtERpYgLxiuW1kzd-qDKw&oe=6998A06B,https://www.facebook.com/photo.php?fbid=746827567559707&set=pb.100066974124830.-2207520000&type=3
88,สำรวจความเห็น,สุขภาพและความปลอดภัย,"อากาศดี ๆ ที่ขอฟรีไม่ได้ ลมหายใจที่ต้องจ่ายเราแต่ละคนจ่ายไม่เท่ากัน … 
แล้วคุณละ จ่ายกันเท่าไหร่ ?",https://scontent.fcnx3-1.fna.fbcdn.net/v/t39.30808-6/475808088_939333038309158_2261313469674396859_n.jpg?_nc_cat=111&ccb=1-7&_nc_sid=127cfc&_nc_ohc=fklPDGHPKLIQ7kNvwFpykQE&_nc_oc=AdkpXeAU2rkRhNLn-E5FB6B4sfR_slcHs4AAUdkAg8Mh5NKPP2x8Znuc01qUM_utD_M&_nc_zt=23&_nc_ht=scontent.fcnx3-1.fna&_nc_gid=IgHHKVimVftQgVqot-93ww&oh=00_AfsUphvrtdsjNYXXB6XApiNBnlW5M-7rdZLY12TlPXxrDA&oe=69989B00,https://www.facebook.com/photo.php?fbid=731068615802269&set=pb.100066974124830.-2207520000&type=3
85,สำรวจความเห็น,การติดตามและเทคโนโลยี,ชวนถ่ายภาพและร่วมปักหมุดสื่อสารผ่านแอพพลิเคชัน C-site อัปเดทสถานการณ์ฝุ่น,https://scontent.fcnx3-1.fna.fbcdn.net/v/t39.30808-6/475809924_939345924974536_3131021072128291720_n.jpg?_nc_cat=111&ccb=1-7&_nc_sid=127cfc&_nc_ohc=doK1lCeRrH4Q7kNvwG9sUOn&_nc_oc=AdmkkXzjLV2rZodzjntgu5ec14UkGVTdhcgRsLaBkxlmtwoSyTBHlyBxgUwglgtqmH8&_nc_zt=23&_nc_ht=scontent.fcnx3-1.fna&_nc_gid=aX_r5Qjtk6l8tEMFwuYUCQ&oh=00_AftI4e6RVuKeaxl0J0UvKeu0exSq8n68u6sa498vnR_hqg&oe=6998AF65,https://www.facebook.com/photo.php?fbid=739441921631605&set=pb.100066974124830.-2207520000&type=3
83,สำรวจความเห็น,การติดตามและเทคโนโลยี,เทียบสถิติจุดความร้อนเชียงใหม่ 2566 VS 2567 มาตรการใหม่ #เชียงใหม่ สกอร์ไหนแล้ว,https://scontent.fcnx3-1.fna.fbcdn.net/v/t39.30808-6/476119536_939330191642776_7776444208270813429_n.jpg?_nc_cat=101&ccb=1-7&_nc_sid=127cfc&_nc_ohc=A_ZIhVEDeOoQ7kNvwF_Nhz-&_nc_oc=AdnVaddUHI9z2Sj4YNKvl2OdyLU542ePAXSQRshcFpJ_29tu0ohR-SLhiU0RS3rD7Ls&_nc_zt=23&_nc_ht=scontent.fcnx3-1.fna&_nc_gid=JM83QS5sVYqJ3D2zrn4ivA&oh=00_AfuXb76J7XLX7X0TrYif4xwkm7Kp0y--rkvQNn-rU41OBA&oe=6998AC45,https://www.facebook.com/photo/?fbid=728983842677413&set=pb.100066974124830.-2207520000
93,สำรวจความเห็น,การติดตามและเทคโนโลยี,ย้อนสำรวจฝุ่นควันภาคเหนือที่เพิ่งผ่านไป ยังมีอะไรที่ควรใส่ใจกว่าการติดอันดับโลก,https://scontent.fcnx3-1.fna.fbcdn.net/v/t39.30808-6/480867565_557214534028391_8197103894373989069_n.jpg?_nc_cat=101&ccb=1-7&_nc_sid=127cfc&_nc_ohc=vCju_7OVWT0Q7kNvwERsDI-&_nc_oc=AdnuvLMjQTXApuGAeCvFBOHvHUkOAVaAq05yUzIbh56100gF0b2vS0Y6ojsfgkYsThw&_nc_zt=23&_nc_ht=scontent.fcnx3-1.fna&_nc_gid=brISC7vxf7mgcfok6SUtMg&oh=00_AfuRSwX_dGCX6ELyh9ypPbQVN8xZGebdPDUXepGbo2zdNg&oe=6998C6BF,https://www.facebook.com/permalink.php?story_fbid=pfbid027LFJwAqo5QqW7Tj2szHtxAbvK834j7ZERTLyc2Lnam1Uo4WZyKoN3qETdb6EtejTl&id=100092195477858
92,สำรวจความเห็น,การติดตามและเทคโนโลยี,เช็คค่าคุณภาพอากาศฝุ่น PM 2.5 ผ่านอีกหนึ่งช่องทาง คือ Line Official Account Air Quality by CMU ซึ่งรวบรวมและรายงานค่าฝุ่นแบบรายชั่วโมง จากจากเครื่องวัดฝุ่น Low cost sensor ให้สามารถตรวจเช็คได้ก่อนที่คุณจะทำกิจกรรมกลางแจ้ง และมาพร้อมกับคำแนะนำในการปฏิบัติตัว,https://scontent.fcnx3-1.fna.fbcdn.net/v/t39.30808-6/484049728_3951905205137163_1547442831821590353_n.jpg?_nc_cat=102&ccb=1-7&_nc_sid=127cfc&_nc_ohc=tzkL5SugQ8sQ7kNvwE09LQ6&_nc_oc=AdloGE6wdrQySU9PrZcSJZpDMh6OVnLSxdqZE4Qhm5r5u4csFQtrVanUPly_9Yk6Mo4&_nc_zt=23&_nc_ht=scontent.fcnx3-1.fna&_nc_gid=JFzVMqy8l4HfiGs8pTSOcw&oh=00_AfucjgM0hIi6SugTRpFI9InDvfBT2dk4rkib_hwlOJadog&oe=69989F95,https://www.facebook.com/thaithenorth/photos/pb.100066974124830.-2207520000/3394105710917118/?type=3
65,รายการทีวี,การมีส่วนร่วมและเสียงประชาชน,คุณเล่า เราขยาย : ฝุ่นควัน วาระเเห่งชาติ แต่การจัดการ = วาระประชาชน,https://thaipbs-media-fuzzylop.thaipbs.or.th/imgpx1/unsafe/resizing_type:fit/size:1920:1080/format:webp/quality:100/aHR0cHM6Ly90aGFpcGJzLXByb2dyYW0tcHJvZHVjdGlvbi5zMy5hbWF6b25hd3MuY29tL2VwaXNvZGUtZGlzcGxheS1pbWFnZS8xL051L0gyLzFOdUgyTW1mdENmUy1vcmlnaW5hbC5qcGc=,https://www.thaipbs.or.th/program/KhunLao/episodes/85449
68,รายการทีวี,การมีส่วนร่วมและเสียงประชาชน,คุณเล่า เราขยาย : ฝุ่นจิ๋ว PM 2.5 มหากาพย์วาระประชาชน,https://thaipbs-media-fuzzylop.thaipbs.or.th/imgpx1/unsafe/resizing_type:fit/size:1920:1080/format:webp/quality:100/aHR0cHM6Ly90aGFpcGJzLXByb2dyYW0tcHJvZHVjdGlvbi5zMy5hbWF6b25hd3MuY29tL2VwaXNvZGUtZGlzcGxheS1pbWFnZS8xL1BDL0RGLzFQQ0RGaTJidzR3ci1vcmlnaW5hbC5qcGc=,https://www.thaipbs.or.th/program/KhunLao/episodes/93716
66,รายการทีวี,กฎหมายและสิทธิอากาศสะอาด,คุณเล่า เราขยาย : ทางออกฝุ่นควันเพื่ออากาศสะอาด,https://thaipbs-media-fuzzylop.thaipbs.or.th/imgpx1/unsafe/resizing_type:fit/size:1920:1080/format:webp/quality:100/aHR0cHM6Ly90aGFpcGJzLXByb2dyYW0tcHJvZHVjdGlvbi5zMy5hbWF6b25hd3MuY29tL2VwaXNvZGUtZGlzcGxheS1pbWFnZS8xL1BpL204LzFQaW04V3JQWnZZYi1vcmlnaW5hbC5qcGc=,https://www.thaipbs.or.th/program/KhunLao/episodes/92670
69,รายการทีวี,ฝุ่นข้ามแดน,คุณเล่า เราขยาย : ถามหานโยบาย ฝ่าวิกฤตควันข้ามแดน,https://thaipbs-media-fuzzylop.thaipbs.or.th/imgpx1/unsafe/resizing_type:fit/size:1920:1080/format:webp/quality:100/aHR0cHM6Ly90aGFpcGJzLXByb2dyYW0tcHJvZHVjdGlvbi5zMy5hbWF6b25hd3MuY29tL2VwaXNvZGUtZGlzcGxheS1pbWFnZS8xL1BQL2tRLzFQUGtRM3BWMzlaYy1vcmlnaW5hbC5qcGc=,https://www.thaipbs.or.th/program/KhunLao/episodes/94427
67,รายการทีวี,การจัดการไฟป่า,คุณเล่า เราขยาย : ไฟจำเป็นกับการจัดการที่เป็นโจทย์ท้าทาย,https://thaipbs-media-fuzzylop.thaipbs.or.th/imgpx1/unsafe/resizing_type:fit/size:1920:1080/format:webp/quality:100/aHR0cHM6Ly90aGFpcGJzLXByb2dyYW0tcHJvZHVjdGlvbi5zMy5hbWF6b25hd3MuY29tL2VwaXNvZGUtZGlzcGxheS1pbWFnZS8xL1BzL3Z2LzFQc3Z2WVd1TlBUOS1vcmlnaW5hbC5qcGc=,https://www.thaipbs.or.th/program/KhunLao/episodes/93166
70,รายการทีวี,การมีส่วนร่วมและเสียงประชาชน,คุณเล่า เราขยาย : ลมหายใจเดียวกัน บ้านฉันบ้านเธอ,https://thaipbs-media-fuzzylop.thaipbs.or.th/imgpx1/unsafe/resizing_type:fit/size:1920:1080/format:webp/quality:100/aHR0cHM6Ly90aGFpcGJzLXByb2dyYW0tcHJvZHVjdGlvbi5zMy5hbWF6b25hd3MuY29tL2VwaXNvZGUtZGlzcGxheS1pbWFnZS8xL1JELzdRLzFSRDdRWGxRaTVBbi1vcmlnaW5hbC5qcGc=,https://www.thaipbs.or.th/program/KhunLao/episodes/100196
71,รายการทีวี,ฝุ่นข้ามแดน,คุณเล่า เราขยาย : ฝุ่นไร้พรมแดน,https://thaipbs-media-fuzzylop.thaipbs.or.th/imgpx1/unsafe/resizing_type:fit/size:1920:1080/format:webp/quality:100/aHR0cHM6Ly90aGFpcGJzLXByb2dyYW0tcHJvZHVjdGlvbi5zMy5hbWF6b25hd3MuY29tL2VwaXNvZGUtZGlzcGxheS1pbWFnZS8xL1JOL2daLzFSTmdaUWtQSkZyZi1vcmlnaW5hbC5qcGc=,https://www.thaipbs.or.th/program/KhunLao/episodes/100675
72,รายการทีวี,ฝุ่นข้ามแดน,คุณเล่า เราขยาย : ลมหายใจข้ามแดน,https://thaipbs-media-fuzzylop.thaipbs.or.th/imgpx1/unsafe/resizing_type:fit/size:1920:1080/format:webp/quality:100/aHR0cHM6Ly90aGFpcGJzLXByb2dyYW0tcHJvZHVjdGlvbi5zMy5hbWF6b25hd3MuY29tL2VwaXNvZGUtZGlzcGxheS1pbWFnZS8xL1JYL0VRLzFSWEVRcm9PMlZLNi1vcmlnaW5hbC5qcGc=,https://www.thaipbs.or.th/program/KhunLao/episodes/101170
64,รายการทีวี,การมีส่วนร่วมและเสียงประชาชน,คุณเล่า เราขยาย : บ้านก้อ SANDBOX,https://thaipbs-media-fuzzylop.thaipbs.or.th/imgpx1/unsafe/resizing_type:fit/size:1920:1080/format:webp/quality:100/aHR0cHM6Ly90aGFpcGJzLXByb2dyYW0tcHJvZHVjdGlvbi5zMy5hbWF6b25hd3MuY29tL2VwaXNvZGUvMS9NWS81di8xTVk1dmI1TkhNNGgtZGVmYXVsdC5qcGc=,https://www.thaipbs.or.th/program/KhunLao/episodes/83364
26,บทความ,ความรู้และปรากฏการณ์ธรรมชาติ,ลมใต้ที่ส่งผลต่อฝุ่นในภาคเหนือ,https://thecitizen.plus/wp-content/uploads/2023/12/BMCC.00_21_28_00.Still002-1024x576.jpg,https://www.thaipbs.or.th/thecitizen/node/92722.html
25,บทความ,การจัดการไฟป่า,ทำไมต้อง 7 ไฟแปลงใหญ่? แนวทางการลดปัญหาฝุ่นควัน pm 2.5 ในเชียงใหม่ ในปี 2567,https://thecitizen.plus/wp-content/uploads/2023/12/IMG_0253.jpg,https://www.thaipbs.or.th/thecitizen/node/92809.html
48,บทความ,ความรู้และปรากฏการณ์ธรรมชาติ,ชีวิตปรกติที่เป็นสารพัดนัก ในวันที่ค่าฝุ่นเกินมาตรฐาน,https://www.thaipbs.or.th/thecitizen/wp-content/uploads/2023/03/%E0%B8%9D%E0%B8%B8%E0%B9%88%E0%B8%99-1.jpg,https://www.thaipbs.or.th/thecitizen/node/76392.html
84,สำรวจความเห็น,สุขภาพและความปลอดภัย,ลมหายใจที่ต้องจ่าย,https://www.thaipbs.or.th/thecitizen/wp-content/uploads/2023/11/%E0%B8%A5%E0%B8%A1%E0%B8%AB%E0%B8%B2%E0%B8%A2%E0%B9%83%E0%B8%88%E0%B8%97%E0%B8%B5%E0%B9%88%E0%B8%95%E0%B9%89%E0%B8%AD%E0%B8%87%E0%B8%88%E0%B9%88%E0%B8%B2%E0%B8%A2.jpg,https://www.thaipbs.or.th/thecitizen/index.html%3Fp=91507.html
28,บทความ,การจัดการไฟป่า,No man’s land ป่าแปลงใหญ่ มีไฟแต่ไม่มีคน ?,https://www.thaipbs.or.th/thecitizen/wp-content/uploads/2024/01/No-mans-land.jpg,https://www.thaipbs.or.th/thecitizen/index.html%3Fp=93663.html
49,บทความ,กฎหมายและสิทธิอากาศสะอาด,จับตากรรมาธิการหลอม 7 ร่างกฎหมายอากาศสะอาด ก้าวสำคัญสร้างมาตรฐานใหม่แก้ PM 2.5,https://www.thaipbs.or.th/thecitizen/wp-content/uploads/2024/02/Untitled-1-6-1.jpg,https://www.thaipbs.or.th/thecitizen/index.html%3Fp=94677.html